﻿<?xml version="1.0" encoding="utf-8"?>
<EditorDefinitions>
  <PolyGroups ModuleName="Dexter" ModuleVersion="1.2">
    <PolyGroup Name="Test" BlockFamily="Sensor">
      <Parameter Name="Direction" Direction="Input" DataType="UInt32" DefaultValue="2" Configuration="builtin://Identification_WaitForChange.xml" Identification="builtin://Identification_WaitForChange.xml" />
      <Parameter Name="Port" CompilerDirectives="OneInputPort" Direction="Input" DefaultValue="1.3" />
      <Parameter Name="Comparison" Direction="Input" Configuration="builtin://Identification_ComparisonType.xml" Identification="builtin://Identification_ComparisonType.xml" DataType="Int32" DefaultValue="4" />
      <Parameter Name="Threshold" Identification="builtin://Identification_Threshold_UltrasonicInches.xml" DataType="Single" Direction="Input" DefaultValue="50" MinValue="0" MaxValue="100" />
      <Parameter Name="Amount" Identification="builtin://Identification_Numeric.png" DataType="Single" Direction="Input" DefaultValue="10" />
      <Parameter Name="i" CompilerDirectives="WaitForIteration" DataType="Int32" Direction="Input" DefaultValue="0" />
      <Parameter Name="Raw" Identification="builtin://Identification_Numeric.png" DataType="Single" Direction="Output"/>
      <Parameter Name="F" Identification="builtin://Identification_Numeric.png" DataType="Single" Direction="Output"/>
      <Parameter Name="C" Identification="builtin://Identification_Numeric.png" DataType="Single" Direction="Output"/>
      <Parameter Name="K" Identification="builtin://Identification_Numeric.png" DataType="Single" Direction="Output"/>	  
      <Parameter Name="Result" CompilerDirectives="Result" Identification="builtin://Identification_CompareResult.png" DataType="Boolean" Direction="Output" />
      <Hardware>
        <NXTPlotColor>#ffff3132</NXTPlotColor>
        <EV3PlotColor>#ff785028</EV3PlotColor>
        <EV3AutoID>-1</EV3AutoID>
        <Direction>Input</Direction>
        <DefaultPort>1.1</DefaultPort>
      </Hardware>
      <Block>
        <Mode>SampleReadValue</Mode>
        <Reference Type="VILib" Name="Test.vix" />
        <ParameterReference Name="Port" />
        <ParameterReference Name="Raw" />
		<ParameterReference Name="F" />
		<ParameterReference Name="C" />
		<ParameterReference Name="K" />
        <PaletteInfo Weight="0.5" />
        <BlockInterface>Measure</BlockInterface>
        <Flags></Flags>
        <Hardware></Hardware>
        <HardwareModeInfo Name="COL-REFLECT" ID="0" Range="0,100" Unit="%" />
      </Block>
      <Block>
        <Mode>SampleCompareValue</Mode>
        <Reference Type="VILib" Name="SampleSensorCompare.vix" />
        <ParameterReference Name="Port" />
        <ParameterReference Name="Comparison" />
        <ParameterReference Name="Threshold" />
        <ParameterReference Name="Result" />
        <ParameterReference Name="Value" />
        <BlockInterface>Compare</BlockInterface>
        <Flags></Flags>
      </Block>
      <Block>
        <Mode>SampleChangeValue</Mode>
        <Reference Type="VILib" Name="SampleSensorChange.vix" />
        <ParameterReference Name="Port" />
        <ParameterReference Name="Direction" />
        <ParameterReference Name="Amount" />
        <ParameterReference Name="Value" />
        <ParameterReference Name="Result" />
        <ParameterReference Name="i" />
        <BlockInterface>Change</BlockInterface>
        <Flags></Flags>
      </Block>
    </PolyGroup>
    <PolyGroup Name="dGPS" BlockFamily="Sensor">
      <Parameter Name="Direction" Direction="Input" DataType="UInt32" DefaultValue="2" Configuration="builtin://Identification_WaitForChange.xml" Identification="builtin://Identification_WaitForChange.xml" />
      <Parameter Name="Port" CompilerDirectives="OneInputPort" Direction="Input" DefaultValue="1.3" />
      <Parameter Name="Comparison" Direction="Input" Configuration="builtin://Identification_ComparisonType.xml" Identification="builtin://Identification_ComparisonType.xml" DataType="Int32" DefaultValue="4" />
      <Parameter Name="Threshold" Identification="builtin://Identification_Threshold_UltrasonicInches.xml" DataType="Single" Direction="Input" DefaultValue="50" MinValue="0" MaxValue="100" />
      <Parameter Name="Amount" Identification="builtin://Identification_Numeric.png" DataType="Single" Direction="Input" DefaultValue="10" />
      <Parameter Name="i" CompilerDirectives="WaitForIteration" DataType="Int32" Direction="Input" DefaultValue="0" />
      <Parameter Name="Time" Identification="builtin://Identification_Numeric.png" DataType="Single" Direction="Output"/>
      <Parameter Name="Result" CompilerDirectives="Result" Identification="builtin://Identification_CompareResult.png" DataType="Boolean" Direction="Output" />
      <Hardware>
        <NXTPlotColor>#ffff3132</NXTPlotColor>
        <EV3PlotColor>#ff785028</EV3PlotColor>
        <EV3AutoID>-1</EV3AutoID>
        <Direction>Input</Direction>
        <DefaultPort>1.1</DefaultPort>
      </Hardware>
      <Block>
        <Mode>ReadTime</Mode>
        <Reference Type="VILib" Name="dGPS-Time.vix" />
        <ParameterReference Name="Port" />
        <ParameterReference Name="Time" />
        <PaletteInfo Weight="0.5" />
        <BlockInterface>Time</BlockInterface>
        <Flags></Flags>
        <Hardware></Hardware>
        <HardwareModeInfo Name="COL-REFLECT" ID="0" Range="0,100" Unit="%" />
      </Block>
      <Block>
        <Mode>SampleCompareValue</Mode>
        <Reference Type="VILib" Name="SampleSensorCompare.vix" />
        <ParameterReference Name="Port" />
        <ParameterReference Name="Comparison" />
        <ParameterReference Name="Threshold" />
        <ParameterReference Name="Result" />
        <ParameterReference Name="Value" />
        <BlockInterface>Compare</BlockInterface>
        <Flags></Flags>
      </Block>
      <Block>
        <Mode>SampleChangeValue</Mode>
        <Reference Type="VILib" Name="SampleSensorChange.vix" />
        <ParameterReference Name="Port" />
        <ParameterReference Name="Direction" />
        <ParameterReference Name="Amount" />
        <ParameterReference Name="Value" />
        <ParameterReference Name="Result" />
        <ParameterReference Name="i" />
        <BlockInterface>Change</BlockInterface>
        <Flags></Flags>
      </Block>
    </PolyGroup>
  </PolyGroups>
</EditorDefinitions>
