﻿<?xml version="1.0" encoding="utf-8"?>
<EditorStrings>
  <PolyGroups ModuleName="Dexter">
    <PolyGroup Name="Test" DisplayName="Thermometer" DisplayNamePrefix="Test">
      <Parameter Name="Direction" DisplayName="Direction">
        <Description><![CDATA[<p>Context help for Direction</p>]]></Description>
      </Parameter>
      <Parameter Name="Port" DisplayName="Port">
        <Description><![CDATA[<p>Context help for Port</p>]]></Description>
      </Parameter>
      <Parameter Name="Comparison" DisplayName="Compare Type">
        <Description><![CDATA[<p>Context help for Compare Type</p>]]></Description>
      </Parameter>
      <Parameter Name="Threshold" DisplayName="Threshold Value">
        <Description><![CDATA[<p>Context help for Threshold Value</p>]]></Description>
      </Parameter>
      <Parameter Name="Amount" DisplayName="Amount">
        <Description><![CDATA[<p>Context help for Amount</p>]]></Description>
      </Parameter>
      <Parameter Name="Raw" DisplayName="Raw Value">
        <Description><![CDATA[<p>Raw Value Output</p>]]></Description>
      </Parameter>
      <Parameter Name="F" DisplayName="Farenheight">
        <Description><![CDATA[<p>Raw Value Output</p>]]></Description>
      </Parameter>
      <Parameter Name="C" DisplayName="Celsius">
        <Description><![CDATA[<p>Raw Value Output</p>]]></Description>
      </Parameter>
      <Parameter Name="K" DisplayName="Kelvin">
        <Description><![CDATA[<p>Raw Value Output</p>]]></Description>
      </Parameter>	  
      <Parameter Name="Result" DisplayName="Compare Result">
        <Description><![CDATA[<p>Context help for Compare Result</p>]]></Description>
      </Parameter>
      <Block Mode="SampleReadValue" DisplayName="Sensor Value">
        <Description><![CDATA[<p>Context help for Measure Sensor Value</p>]]></Description>
      </Block>
      <Block Mode="SampleCompareValue" DisplayName="Sensor Value">
        <Description><![CDATA[<p>Context help for Compare Sensor Value</p>]]></Description>
      </Block>
      <Block Mode="SampleChangeValue" DisplayName="Sensor Value">
        <Description><![CDATA[<p>Context help for Sensor Value Change</p>]]></Description>
      </Block>
      <Block Mode="WaitSampleSensorSampleCompareValue" DisplayName="">
        <Description><![CDATA[<p>Context help for Wait - Sample Sensor - Compare - Sensor Value</p>]]></Description>
      </Block>
      <Block Mode="WaitSampleSensorSampleChangeValue" DisplayName="">
        <Description><![CDATA[<p>Context help for Wait - Sample Sensor - Change - Sensor Value</p>]]></Description>
      </Block>
      <Block Mode="LoopSampleSensorSampleCompareValue" DisplayName="">
        <Description><![CDATA[<p>Context help for Loop - Sample Sensor - Compare - Sensor Value</p>]]></Description>
      </Block>
      <Block Mode="SwitchSampleSensorSampleCompareValue" DisplayName="">
        <Description><![CDATA[<p>Context help for Switch - Sample Sensor - Compare - Sensor Value</p>]]></Description>
      </Block>
    </PolyGroup>
  </PolyGroups>
</EditorStrings>